product_id,name,slug,description,category,price,stock_qty,image,created_at
1,Polarized hybrid standardization,polarized-hybrid-standardization,"Kitchen each better yard race character. Cost tax in right opportunity establish do.
Million relate think red. Crime window property old area performance.
Themselves friend throw phone.",toys,60.99,379,https://example.com/images/polarized-hybrid-standardization.jpg,2025-08-08T13:17:05
2,Decentralized demand-driven installation,decentralized-demand-driven-installation,"Theory prove Democrat arrive test church animal. Bit industry line recognize research there Republican.
Civil music table. Such although even small television gas.",home,126.97,71,https://example.com/images/decentralized-demand-driven-installation.jpg,2025-05-02T11:52:09
3,Right-sized even-keeled hardware,right-sized-even-keeled-hardware,Nature cover office how pressure. His blood manage than sea occur such. People degree source senior important.,toys,56.62,379,https://example.com/images/right-sized-even-keeled-hardware.jpg,2025-10-18T16:16:55
4,Devolved client-driven info-mediaries,devolved-client-driven-info-mediaries,"According work seem view adult. Capital enough lose too. Minute left task group some.
Lose box song west buy table easy.",beauty,48.94,216,https://example.com/images/devolved-client-driven-info-mediaries.jpg,2025-08-24T22:30:10
5,Object-based 6thgeneration projection,object-based-6thgeneration-projection,"Writer with apply fund. How weight million back she.
Imagine guess hundred loss all. Method six site where.",electronics,20.71,111,https://example.com/images/object-based-6thgeneration-projection.jpg,2025-04-21T01:16:23
6,Down-sized modular definition,down-sized-modular-definition,"Indicate contain painting shake give.
Pick chance her exactly.
But experience structure least window result husband defense. Drop city return president leader yeah.",fashion,255.64,13,https://example.com/images/down-sized-modular-definition.jpg,2025-11-13T18:40:31
7,Intuitive high-level groupware,intuitive-high-level-groupware,Your food director star hospital major nice reduce. Think compare ask prepare. I project red more.,beauty,104.22,332,https://example.com/images/intuitive-high-level-groupware.jpg,2025-05-22T09:04:44
8,Cross-group 6thgeneration knowledge user,cross-group-6thgeneration-knowledge-user,"Senior resource white white color anything. Voice degree Republican close.
Its great because get stay pretty. Style science three probably since arrive.
Method senior image thus.",toys,275.19,112,https://example.com/images/cross-group-6thgeneration-knowledge-user.jpg,2025-10-17T16:16:52
9,Customizable 6thgeneration functionalities,customizable-6thgeneration-functionalities,Industry quite former staff history. Bank bar wait child wife source cup both. Effort site available TV compare particular.,sports,297.09,414,https://example.com/images/customizable-6thgeneration-functionalities.jpg,2024-12-17T13:27:08
10,Proactive mobile moderator,proactive-mobile-moderator,"Street person address major meet last upon. Director can pull. Camera detail rule also reduce current.
Force could instead man drop box country. Forward actually sign thing.",electronics,380.84,81,https://example.com/images/proactive-mobile-moderator.jpg,2025-02-03T02:46:34
11,Extended bandwidth-monitored encryption,extended-bandwidth-monitored-encryption,"Ready military oil character reflect discussion network. Meeting inside first radio evening.
Article manager protect know southern bank. Blood he remain use. Detail eat ability suffer cut bill give.",toys,214.76,142,https://example.com/images/extended-bandwidth-monitored-encryption.jpg,2025-11-07T02:16:48
12,User-centric 24/7 hierarchy,user-centric-24/7-hierarchy,Lay investment budget debate reflect although defense. Leader join another quickly response PM senior. Opportunity natural record no. Everything manager third add once student wind.,fashion,112.35,390,https://example.com/images/user-centric-24/7-hierarchy.jpg,2025-05-19T18:14:48
13,Horizontal exuding ability,horizontal-exuding-ability,"These feel single human section. Beyond try animal different between. Degree per three picture theory.
Government tax doctor lot. Edge director sea line class lot.",home,56.48,194,https://example.com/images/horizontal-exuding-ability.jpg,2025-03-16T04:31:15
14,Expanded intermediate website,expanded-intermediate-website,"Rule Congress through specific nor whole.
Social writer support special four create country. Themselves watch continue box example.",electronics,183.33,176,https://example.com/images/expanded-intermediate-website.jpg,2025-07-15T20:14:24
15,Innovative local policy,innovative-local-policy,"Tell research finally building section three. Company material city view.
Agreement course four billion democratic.",beauty,136.66,22,https://example.com/images/innovative-local-policy.jpg,2025-05-16T14:27:22
16,Monitored bottom-line software,monitored-bottom-line-software,"Of next letter strategy. Leader age big season actually.
Test community push particularly one consumer would. Sister security nor land.
Probably western at election.",toys,232.95,63,https://example.com/images/monitored-bottom-line-software.jpg,2025-05-12T08:44:58
17,Open-source homogeneous encryption,open-source-homogeneous-encryption,"After type behind great. Ten involve fear with deep reach. Large answer doctor.
Teach turn late else safe student sort. Commercial thank gas simply without.",sports,44.92,150,https://example.com/images/open-source-homogeneous-encryption.jpg,2025-03-16T13:55:50
18,Upgradable content-based matrix,upgradable-content-based-matrix,Off forward radio fear business. Prove affect feel measure. Office evening between soon grow simple floor.,toys,311.54,441,https://example.com/images/upgradable-content-based-matrix.jpg,2025-01-07T04:50:49
19,Up-sized maximized strategy,up-sized-maximized-strategy,"Thus simple finish. Issue stand career pick carry.
Employee air road fight very six position bar. Meet simply accept late. Administration indicate something garden same Republican design.",home,291.2,360,https://example.com/images/up-sized-maximized-strategy.jpg,2025-01-27T18:49:55
20,Cloned bi-directional knowledgebase,cloned-bi-directional-knowledgebase,"Return foreign so instead hot argue contain. Support great involve seat friend although wife.
Better race police. Put economy fall a product manager teacher.",electronics,28.63,116,https://example.com/images/cloned-bi-directional-knowledgebase.jpg,2025-07-27T06:56:37
21,Down-sized neutral monitoring,down-sized-neutral-monitoring,"Glass floor say well. Late simply he goal.
Almost me do debate station sure record. Technology off often beyond choice offer.",home,492.69,437,https://example.com/images/down-sized-neutral-monitoring.jpg,2025-05-28T23:24:45
22,Optional cohesive hub,optional-cohesive-hub,"Suddenly owner mother.
Industry avoid check Congress other. Always lawyer explain front. Consider very from must toward main become.",fashion,434.03,194,https://example.com/images/optional-cohesive-hub.jpg,2024-12-01T07:08:54
23,Synchronized 5thgeneration analyzer,synchronized-5thgeneration-analyzer,"Work certainly month real. International hotel tend day method here.
Class rule side. Worker field individual thought them analysis against thought.
Down large side expect write business open.",home,229.97,427,https://example.com/images/synchronized-5thgeneration-analyzer.jpg,2025-01-26T14:18:38
24,Multi-tiered cohesive initiative,multi-tiered-cohesive-initiative,Fund fast only rich little. Although word stand offer political wear sign suffer. Number trouble I including.,home,86.34,181,https://example.com/images/multi-tiered-cohesive-initiative.jpg,2025-07-09T11:24:50
25,Virtual bifurcated superstructure,virtual-bifurcated-superstructure,"Run heart once occur fire course. Position long system wide.
Feeling number relate fill couple watch. Lead service brother. Brother line western kid sign would.",fashion,337.06,359,https://example.com/images/virtual-bifurcated-superstructure.jpg,2024-12-30T03:29:20
26,Profit-focused asynchronous encryption,profit-focused-asynchronous-encryption,"Save a operation financial everybody. Beautiful church continue dinner. Mr audience discuss.
Decide which house design heavy part. In everybody child consider.",toys,326.12,311,https://example.com/images/profit-focused-asynchronous-encryption.jpg,2024-12-03T04:53:32
27,Expanded upward-trending secured line,expanded-upward-trending-secured-line,"Someone language middle ball.
Read guess go.
Memory remain customer radio Democrat subject.
Listen lawyer eat. With newspaper section.",toys,90.53,373,https://example.com/images/expanded-upward-trending-secured-line.jpg,2025-04-20T11:55:07
28,Front-line 3rdgeneration application,front-line-3rdgeneration-application,"Gas star partner. Day tell best last response drug particular even. Child low ok let education appear radio station.
Phone especially support learn tonight rest as.
Tend tend Mr. Where though class.",fashion,86.71,194,https://example.com/images/front-line-3rdgeneration-application.jpg,2025-05-28T18:43:25
29,Customer-focused asymmetric firmware,customer-focused-asymmetric-firmware,"Edge sing whole expert eight moment soon. Be ok first boy.
Your while where walk. Much country situation clearly leader theory. Result lawyer candidate near another before.",home,494.81,327,https://example.com/images/customer-focused-asymmetric-firmware.jpg,2025-10-31T10:37:39
30,Pre-emptive secondary throughput,pre-emptive-secondary-throughput,Past paper look whatever population to this. Address blood dog pay son song though option.,toys,281.12,350,https://example.com/images/pre-emptive-secondary-throughput.jpg,2025-07-06T12:08:14
31,User-friendly systematic open system,user-friendly-systematic-open-system,"Part trip option behavior scientist oil south. Picture increase cell meeting.
Fear director against keep save throw. Others seem model once once. Market nice practice until.",home,422.36,397,https://example.com/images/user-friendly-systematic-open-system.jpg,2024-11-29T03:33:12
32,Open-source non-volatile contingency,open-source-non-volatile-contingency,Rest subject walk game item hundred. Investment drive accept under. Now traditional never short discuss religious such. Could land drug amount technology.,electronics,119.14,16,https://example.com/images/open-source-non-volatile-contingency.jpg,2025-01-16T18:05:30
33,Cross-group fresh-thinking initiative,cross-group-fresh-thinking-initiative,Song movie why region mother less get. Wonder fast race here live sea. Bed keep attorney week also.,home,204.17,33,https://example.com/images/cross-group-fresh-thinking-initiative.jpg,2025-10-28T10:52:49
34,Reverse-engineered local model,reverse-engineered-local-model,Sister entire factor bank sing free level clearly. Success according amount personal figure analysis enjoy owner.,fashion,457.08,290,https://example.com/images/reverse-engineered-local-model.jpg,2025-06-01T02:40:50
35,Team-oriented foreground support,team-oriented-foreground-support,Race black should such point. Form everything success put particularly focus perhaps. Mind reduce strong fine back.,toys,161.44,335,https://example.com/images/team-oriented-foreground-support.jpg,2024-11-28T01:37:04
36,Proactive contextually-based capability,proactive-contextually-based-capability,Step purpose four price cost turn officer. Begin talk force member knowledge leg gun.,sports,201.43,468,https://example.com/images/proactive-contextually-based-capability.jpg,2025-04-09T12:55:02
37,Optional intangible task-force,optional-intangible-task-force,A while back member. Rather beat picture remain west pressure example. Process worry heavy mention process. Treat similar probably cover.,toys,232.66,135,https://example.com/images/optional-intangible-task-force.jpg,2025-10-04T01:41:35
38,Mandatory regional moratorium,mandatory-regional-moratorium,"System item ok true. Such art week decade. Stop enjoy long.
Need argue western effect those forget together. Need risk however old both.",fashion,127.82,287,https://example.com/images/mandatory-regional-moratorium.jpg,2025-03-18T06:05:52
39,Open-architected transitional encoding,open-architected-transitional-encoding,"Clearly light last rule image often single. Meet attack behavior happy society.
Like movement language range. Instead threat word section become lay time.",beauty,135.78,299,https://example.com/images/open-architected-transitional-encoding.jpg,2025-06-26T09:07:52
40,Networked even-keeled orchestration,networked-even-keeled-orchestration,"Clear way soon. Own add none tree teach. Tough pretty policy important campaign. Husband lawyer size evidence book sea when painting.
Box three own seat. Institution Republican speech dinner.",sports,449.51,204,https://example.com/images/networked-even-keeled-orchestration.jpg,2025-07-15T18:17:57
41,Integrated transitional moderator,integrated-transitional-moderator,"Bit window quickly cup word as. Catch book color this way agreement.
Large common mission. Join nothing these my full team growth. Indeed will civil people majority opportunity.",home,114.33,70,https://example.com/images/integrated-transitional-moderator.jpg,2025-09-05T10:20:08
42,Multi-tiered tangible access,multi-tiered-tangible-access,Image nearly treat high. Building necessary agreement financial try remember. Section thank compare seem discussion similar.,beauty,249.79,386,https://example.com/images/multi-tiered-tangible-access.jpg,2025-08-16T05:59:54
43,Secured attitude-oriented migration,secured-attitude-oriented-migration,Customer now even across. Couple individual reach call concern produce interest. Strong cause may society information suffer I cause.,electronics,431.37,78,https://example.com/images/secured-attitude-oriented-migration.jpg,2025-08-04T02:17:33
44,Total upward-trending toolset,total-upward-trending-toolset,Anyone half whatever. Seem consumer expert against part. Threat answer economy individual identify seat.,toys,85.02,348,https://example.com/images/total-upward-trending-toolset.jpg,2024-12-22T03:42:48
45,Synchronized local capability,synchronized-local-capability,Today sound others long billion away quickly thing. Only image item art news member position. Parent know way scientist off miss example.,sports,300.62,197,https://example.com/images/synchronized-local-capability.jpg,2025-03-19T00:26:55
46,Business-focused methodical info-mediaries,business-focused-methodical-info-mediaries,Environmental really world affect team soon. Site produce product rest.,sports,300.36,239,https://example.com/images/business-focused-methodical-info-mediaries.jpg,2025-04-06T02:53:27
47,Up-sized motivating Internet solution,up-sized-motivating-internet-solution,"Board newspaper city could seat language. Difficult public against sure include less.
Statement class decision country main assume. Dark test face agreement unit. Nor they imagine billion.",beauty,130.19,283,https://example.com/images/up-sized-motivating-internet-solution.jpg,2025-06-29T11:58:50
48,Realigned incremental application,realigned-incremental-application,"Billion heart reality nor say per woman. Course film do leg bit end.
Between stage age occur through entire war friend. Fine lead increase agency them. Week single realize executive above.",electronics,342.05,58,https://example.com/images/realigned-incremental-application.jpg,2025-06-29T23:19:43
49,Upgradable coherent pricing structure,upgradable-coherent-pricing-structure,Something religious defense civil might. Most shoulder boy bit state. Republican story personal agent question ball.,toys,443.08,384,https://example.com/images/upgradable-coherent-pricing-structure.jpg,2025-02-04T23:14:52
50,Proactive homogeneous extranet,proactive-homogeneous-extranet,Amount yes situation instead. Write drive involve study subject star. Myself outside institution life senior.,home,385.68,174,https://example.com/images/proactive-homogeneous-extranet.jpg,2025-09-02T21:27:51
51,Virtual modular project,virtual-modular-project,"Life international discussion heavy suggest since friend. Baby my kind positive career gun. Team child while sea show.
Sport national give. Listen off fall population he.",electronics,150.98,80,https://example.com/images/virtual-modular-project.jpg,2025-05-21T03:59:16
52,Self-enabling 6thgeneration projection,self-enabling-6thgeneration-projection,Behind daughter they arm usually around point. Onto hand many main remain. Beat though against from.,sports,7.59,369,https://example.com/images/self-enabling-6thgeneration-projection.jpg,2025-07-08T05:34:45
53,Visionary value-added frame,visionary-value-added-frame,"Discussion above bill car night. Best likely big movement road direction.
Sure of shoulder his democratic. Sell against office space total remember. Campaign camera end office.",toys,136.1,256,https://example.com/images/visionary-value-added-frame.jpg,2025-03-30T22:09:14
54,Universal bifurcated flexibility,universal-bifurcated-flexibility,On stage get station level various. Better professional hotel agency.,fashion,256.78,54,https://example.com/images/universal-bifurcated-flexibility.jpg,2025-06-04T18:13:12
55,Stand-alone asynchronous throughput,stand-alone-asynchronous-throughput,Movie thus receive whom quickly oil return style. Property too push car especially shoulder third adult. Speech challenge right. Authority decade everyone next.,toys,153.42,327,https://example.com/images/stand-alone-asynchronous-throughput.jpg,2025-06-15T03:03:59
56,Organized disintermediate portal,organized-disintermediate-portal,"Score collection hear theory hundred economic memory. Civil wish five hot adult single.
Often off box rock generation soon. Very rock nature necessary brother product media. Young open north project.",beauty,306.82,78,https://example.com/images/organized-disintermediate-portal.jpg,2025-09-23T12:47:36
57,Ameliorated secondary extranet,ameliorated-secondary-extranet,"Training appear support brother. Task defense can majority population gas.
Enter key phone necessary science hundred. Late movie government because.",home,382.67,276,https://example.com/images/ameliorated-secondary-extranet.jpg,2025-04-24T04:51:56
58,Function-based uniform interface,function-based-uniform-interface,"Feel his what could management lay. Between sometimes throw. Suddenly budget professional.
Order ball successful north institution. Say project idea little current.",beauty,459.73,306,https://example.com/images/function-based-uniform-interface.jpg,2025-06-06T13:22:36
59,Public-key system-worthy knowledgebase,public-key-system-worthy-knowledgebase,"I manager yard say kid. More close career where opportunity chance.
Wonder they figure modern father. Region make music reduce.
Response himself treat near. President key health knowledge.",home,247.36,57,https://example.com/images/public-key-system-worthy-knowledgebase.jpg,2025-10-19T04:05:50
60,Diverse interactive portal,diverse-interactive-portal,"According most project well. Politics call I analysis vote. Down country young cause spring wide ok.
Whose eye which now community cost.",home,440.08,425,https://example.com/images/diverse-interactive-portal.jpg,2025-02-27T04:40:57
61,Fully-configurable zero administration matrix,fully-configurable-zero-administration-matrix,"City create common next nature too. Suffer capital evening world cut its somebody. Blood along imagine so.
Rest popular while worker choose. Allow appear economy window standard while.",home,124.28,123,https://example.com/images/fully-configurable-zero-administration-matrix.jpg,2025-01-05T06:57:07
62,Diverse systemic customer loyalty,diverse-systemic-customer-loyalty,Response thought film word book. At officer herself too science. Training few special buy after service.,beauty,473.78,43,https://example.com/images/diverse-systemic-customer-loyalty.jpg,2025-10-08T09:38:38
63,Enhanced full-range definition,enhanced-full-range-definition,"At suddenly what letter hour natural open. Economy story beat purpose decision his.
Home hit check star. More financial yourself together. Citizen often less treat movie involve inside.",toys,246.07,35,https://example.com/images/enhanced-full-range-definition.jpg,2025-09-22T05:41:27
64,Fully-configurable value-added process improvement,fully-configurable-value-added-process-improvement,"Green store mission hotel why require shake. Describe raise visit name physical hair.
Line add can expert suggest increase as. Indeed although later next forget family.",beauty,384.31,65,https://example.com/images/fully-configurable-value-added-process-improvement.jpg,2025-07-29T11:33:00
65,Enterprise-wide discrete benchmark,enterprise-wide-discrete-benchmark,Never shake color reach. Impact else mission stand kitchen they star method.,toys,240.78,281,https://example.com/images/enterprise-wide-discrete-benchmark.jpg,2025-04-22T20:17:19
66,Operative upward-trending open system,operative-upward-trending-open-system,"Reduce light head. Station face career.
Performance sign identify much. Summer deep again final. Team rest work event.",fashion,136.93,446,https://example.com/images/operative-upward-trending-open-system.jpg,2025-10-02T11:43:05
67,Extended homogeneous adapter,extended-homogeneous-adapter,"Several site significant table tend western always. Often kid just describe. Shake bring study action eye data seat.
Forget style message herself together heavy notice. Around account leg save.",beauty,215.02,108,https://example.com/images/extended-homogeneous-adapter.jpg,2025-05-09T13:47:50
68,Implemented upward-trending framework,implemented-upward-trending-framework,"Be that main well hit whose. Summer forget agree suggest feeling.
Image serious party middle traditional figure. Response respond onto.",beauty,379.09,353,https://example.com/images/implemented-upward-trending-framework.jpg,2025-07-17T16:14:25
69,Function-based 4thgeneration matrices,function-based-4thgeneration-matrices,"Cost sell hundred they. Meeting floor industry.
Market knowledge song light likely.
Kind recently team. A magazine figure travel maintain be.",fashion,358.19,204,https://example.com/images/function-based-4thgeneration-matrices.jpg,2025-07-13T06:32:50
70,Polarized modular open system,polarized-modular-open-system,Rather child part key. Wall but speak individual Mr necessary at. Speech peace bag fill provide.,toys,327.03,224,https://example.com/images/polarized-modular-open-system.jpg,2024-12-08T04:26:05
71,Diverse 4thgeneration function,diverse-4thgeneration-function,"With fish eye together why loss. Often drive conference campaign cover leader green. Effect place detail who.
Why allow good response over first. State too suddenly would listen.",beauty,229.02,126,https://example.com/images/diverse-4thgeneration-function.jpg,2025-09-28T06:10:11
72,Synergistic hybrid open system,synergistic-hybrid-open-system,"Reality compare house create modern face one.
Anything growth staff expect. Raise agree level hit.
Close shake kind room in. Remain lot view else. Scene audience movie sign since resource be.",fashion,37.62,10,https://example.com/images/synergistic-hybrid-open-system.jpg,2025-02-11T18:58:41
73,Centralized multi-state website,centralized-multi-state-website,Oil develop light worker he. Mention own table special to. History would quickly you face spend involve.,beauty,279.63,301,https://example.com/images/centralized-multi-state-website.jpg,2025-08-09T17:04:35
74,Customizable scalable data-warehouse,customizable-scalable-data-warehouse,"Also goal push finally. Tell hot face pull cup month.
Actually much to letter explain seem box. Bit protect pretty mention.",fashion,9.54,362,https://example.com/images/customizable-scalable-data-warehouse.jpg,2025-05-27T02:55:42
75,Innovative multi-tasking analyzer,innovative-multi-tasking-analyzer,"Evidence policy put response school its. Break whose share respond.
On over kind anyone energy red single. Natural season will keep. Explain such best off if surface.",toys,35.07,34,https://example.com/images/innovative-multi-tasking-analyzer.jpg,2025-07-04T21:50:54
76,Reactive reciprocal Graphical User Interface,reactive-reciprocal-graphical-user-interface,"Determine become actually. Child also believe allow agent never. Rise consider remain be. Paper stage list scene.
Either region plan early style often international against.",electronics,430.65,36,https://example.com/images/reactive-reciprocal-graphical-user-interface.jpg,2024-12-06T13:43:34
77,Diverse multimedia extranet,diverse-multimedia-extranet,Single performance responsibility evening left him. State can page population indeed move. Pass source during trade off red.,beauty,123.56,342,https://example.com/images/diverse-multimedia-extranet.jpg,2024-11-22T13:00:43
78,Multi-lateral next generation model,multi-lateral-next-generation-model,"Type base cultural large. Often mission cell explain bad. National open avoid get environment.
Few defense development never cause. Culture pretty single.",sports,111.82,67,https://example.com/images/multi-lateral-next-generation-model.jpg,2025-03-31T09:38:24
79,Business-focused real-time strategy,business-focused-real-time-strategy,"Whatever provide indeed enter so turn cause forward. Enjoy grow not six.
Hotel single product. Before everything age.",toys,468.13,292,https://example.com/images/business-focused-real-time-strategy.jpg,2025-02-24T06:56:11
80,Devolved real-time website,devolved-real-time-website,"Crime make society treatment nearly his ago when. Throughout together those on sort. Task rule much.
Movie finish but character story. Must old born industry forward. Act like nature expect might.",beauty,239.49,401,https://example.com/images/devolved-real-time-website.jpg,2025-05-16T02:26:07
