user_id,name,email,phone,created_at,address_line,city,state,postal_code
1,John Wilkins,dellis@example.net,001-354-675-0411x9093,2025-07-26T20:38:15,634 Jennifer Mountain Suite 773,Lake Erin,ND,31411
2,Ashley Stark,vspencer@example.org,+1-456-828-7005x087,2025-09-21T06:44:56,540 Wright Roads,North Teresamouth,NH,04031
3,Christina Greer,sanderswilliam@example.org,999.728.5381x88090,2023-11-20T17:53:13,10533 Amanda Street Suite 436,Johnview,MD,42571
4,Michael Greene,smithdiana@example.net,(922)307-2121,2024-02-08T03:33:34,059 Smith Field Suite 518,West Rachel,MO,30915
5,Heather Abbott,emma33@example.net,9914211909,2024-12-13T08:06:55,45731 Ray Camp,West Candace,TN,12285
6,Michael Haney,sullivanaustin@example.org,(468)660-7257x83004,2024-12-21T09:52:56,8373 Rachel Village,Lake Dominique,SC,54379
7,Lisa Nelson,crystalbrown@example.net,001-753-935-8787x038,2024-12-28T10:39:27,98059 James Plains,Port Alicia,CO,17175
8,Michael Moore,pam62@example.net,(626)952-9573,2023-12-19T12:15:55,74639 Melendez Course Apt. 411,Lake Andreafort,OK,78389
9,Rachel Marshall,jeffreyayala@example.com,(715)276-9132,2024-11-10T03:09:07,14970 Shawn Mission,Hallhaven,OH,68456
10,Katherine Jones,millercorey@example.net,+1-309-863-8990x19726,2025-10-10T03:54:21,618 Edwin Fall Apt. 500,East Staceyburgh,MH,23347
11,Kevin Frye,kyledunn@example.org,(724)600-4669,2024-01-22T00:12:07,455 Cordova Valleys,Carolynview,TX,38369
12,Shelley Brown,normancrystal@example.org,(968)824-1559x3260,2024-04-18T15:17:53,2807 David Estate,Port Raymondburgh,ID,98374
13,Kelly Gross,garciacaitlyn@example.org,001-635-276-1581x7941,2024-07-21T06:44:40,3230 Smith Canyon,North Donna,RI,67588
14,Patrick Leon,smithyolanda@example.org,911.522.9196x149,2024-11-11T20:58:40,442 Little Bridge Apt. 812,New Stephanie,CA,68578
15,Anthony Ferguson,okim@example.org,527-421-8518x73077,2025-07-12T09:36:48,629 Brenda Harbor Suite 306,East Victorport,CO,69958
16,Darlene Jones,kimberly15@example.org,(639)386-9945x946,2025-05-11T21:18:51,403 Kaitlyn Heights Suite 508,West Christopherland,VT,14366
17,Nancy Cuevas,jesuswright@example.net,(966)225-4808,2023-12-10T12:19:21,74845 Kimberly Valley,Danielleberg,TN,95805
18,Jorge Sullivan,joshua80@example.com,446.696.9296x00831,2024-11-13T10:15:20,1525 Kirk River Suite 264,Wellsbury,MO,01224
19,Michael Flynn,nancy96@example.net,001-790-220-1011x804,2025-09-20T06:07:30,0129 Amanda Neck Apt. 599,Andersonville,MO,80885
20,Antonio Reed,robertwhite@example.com,(249)525-0815,2024-07-17T07:32:09,2027 Robert Plain,Anntown,MH,83383
21,Tyrone Stewart,harterin@example.com,+1-824-357-9833x333,2024-05-14T13:30:51,62302 Williams Park,North Anita,WY,55828
22,Brenda Williams,robert27@example.org,(892)506-5778,2024-07-03T07:09:03,29875 Nicole Field Apt. 371,Ritatown,MN,81166
23,Phillip Patrick,nsmith@example.net,773.891.2631,2025-02-01T02:36:42,03891 House Parks Suite 021,East Stephanieburgh,KS,14685
24,Gregory Shepherd,jerry62@example.org,723.845.7043,2024-09-09T06:03:17,05197 Stewart Wall Apt. 151,Wrighttown,NH,95123
25,Gabriela Murray,charles25@example.org,001-754-661-0789x8715,2025-07-09T08:16:04,0820 Michele View Apt. 373,Danielleburgh,TX,61574
26,Jennifer Thomas,thomaskelly@example.com,001-958-351-4324x9871,2024-05-17T08:23:17,8752 Martinez Springs Suite 915,West Kendra,TN,34609
27,Ryan Martin,smithsarah@example.org,5159275636,2024-08-14T01:33:25,3921 Cynthia Hill,Port Stacey,AK,51765
28,Debra Jefferson,mallory88@example.org,634.240.3923x033,2024-06-16T11:49:55,41357 Green Stravenue Apt. 547,New Melissastad,NC,94403
29,Christian Jimenez,ohoward@example.org,+1-760-947-6477,2025-09-21T23:00:28,601 Rachel Forge Apt. 084,Lake James,ND,17134
30,Jessica Martin,robert08@example.com,(423)777-6523,2024-02-07T08:15:44,44956 Mccall Wall,East Mark,PR,25030
31,Kimberly Banks,steven71@example.org,+1-406-352-1341x41946,2024-03-04T16:52:19,1257 Melissa Dam,Joshuaborough,WY,47816
32,Michelle Martinez DDS,robertjames@example.org,(423)837-0476,2024-03-27T05:06:31,535 Jeffrey Unions,West Briannaberg,MA,32489
33,Heather Luna,johnsonalexa@example.org,001-850-510-8413x4215,2025-02-16T20:27:12,519 Jeffrey Plains,New Katrina,MS,79973
34,Jessica Farmer,angel06@example.org,+1-212-865-8817x955,2025-01-13T04:05:45,186 Craig Brook Apt. 657,Shannonhaven,FL,59626
35,Heather Norton,buchanansean@example.org,001-494-534-0249x3405,2024-09-16T15:03:20,2864 Wood Estate,Danielshire,MI,57666
36,Michael Brown,toddbrooks@example.net,(808)793-6792x27211,2024-10-30T13:20:01,36785 Debra Harbor Apt. 554,Melissastad,TN,00585
37,Richard Kelly,ycollins@example.net,(643)784-8151x707,2025-01-29T04:19:30,0222 Shields Track Suite 095,East Lisaburgh,IL,48605
38,Anthony Fox,bfletcher@example.com,832-531-3529,2025-03-23T03:30:58,3061 Ross Estates,East Nathan,DC,08477
39,Karen Patterson,johnsonbradley@example.net,(647)615-1350x06056,2025-10-02T04:06:42,2227 Stein Squares,Peggyfort,CO,53516
40,Angela Peterson,johnsanchez@example.net,(683)636-4365x74013,2025-06-27T18:03:12,4242 Michelle Corners Apt. 949,Lake Josemouth,AZ,92583
41,Eric Maxwell,tasha27@example.net,(617)684-9467x25956,2024-10-18T22:17:46,54810 Reed Lights Suite 183,Careyport,WV,47519
42,Anthony Barber,wbailey@example.org,896.643.8801x8226,2025-10-14T22:42:01,50126 Reynolds Radial Apt. 051,Williamborough,NE,73649
43,Angela Burnett,arellanogregory@example.com,001-967-680-3258x450,2024-08-25T22:41:54,591 Michelle Loop Apt. 211,New Aliciaborough,NY,20838
44,Jennifer Robinson,fuenteskatelyn@example.net,218-411-9659x442,2024-11-26T06:33:44,150 Tate Motorway Apt. 976,West Connor,AS,69943
45,Angela Pratt,pdixon@example.org,506.916.6767,2024-02-11T08:42:05,4720 Rogers Dam,East Christina,SC,43550
46,Elizabeth Thomas,welchkristen@example.org,+1-443-226-0120x432,2025-09-24T21:47:36,3272 Davies Passage Suite 707,Coffeyburgh,MD,96676
47,Patricia Anderson,alexander96@example.org,+1-877-215-2768x43983,2024-11-30T10:34:07,1073 Vanessa Alley Apt. 788,Mackport,OK,80619
48,Laurie Silva,lsimpson@example.org,001-769-419-3411x009,2025-02-26T11:17:06,5505 Jessica Lane Apt. 854,Melissashire,NE,64281
49,Charles Brown,jedwards@example.org,(554)739-8199,2025-11-02T18:13:04,74647 Crystal Lights,Wilsonmouth,MI,57288
50,Raymond Flynn,randy75@example.com,(493)717-8452,2024-01-15T11:19:15,2574 Goodwin Fords,South Brianview,OR,68740
51,Jessica Webb,robertbrown@example.com,351.263.3894,2025-09-10T16:06:52,7452 Timothy Shores Apt. 725,East Patrick,CA,14859
52,Jeremy Martin,rodriguezangelica@example.com,4225151171,2025-09-13T20:59:46,3177 Larry Pass,Michellebury,OR,12804
53,Melissa Mann,ericwhite@example.org,833-791-1797,2025-07-17T04:46:48,95339 Melissa Island,New Renee,CA,00508
54,Steven Ingram,owinters@example.net,932.544.0885x91120,2024-10-04T03:09:37,55285 Dawson Harbors,South Seanfort,NH,14861
55,Troy Floyd DDS,brownallison@example.org,+1-368-827-1571,2025-10-19T13:21:33,82519 Lowe Islands Suite 991,South Danielshire,HI,56361
56,Christopher Johnson,uluna@example.org,230-255-8805,2024-03-28T19:24:51,9188 Horton Drive Suite 092,Mendozahaven,TN,85937
57,Christopher Harrell,vgonzalez@example.net,(374)888-1408x0405,2023-12-13T10:19:25,8372 Douglas Squares,Lake Andrea,MI,07390
58,Monica Schultz,joshua91@example.net,725.993.9797x36337,2023-11-21T21:24:16,1552 Kimberly Drive Apt. 925,Tamaraside,MA,29747
59,Stephanie Gutierrez,douglas45@example.com,001-606-323-2991x4478,2025-07-02T21:45:22,743 Aaron Rapid,Dixonport,VA,40410
60,Kyle Gilbert,esmith@example.com,293-595-4579,2024-02-11T14:39:17,1046 Christian Valley Apt. 580,North Nathanview,GU,17980
61,Kelly Foley,abrown@example.com,2189911890,2024-10-08T15:23:26,17648 Henson Stream,Elainechester,NJ,66640
62,Alexandra Estrada,mbush@example.org,6565694175,2024-09-26T09:33:28,4863 Foster Park Apt. 754,Lake Michael,MH,99866
63,Jeffrey Burns,bayala@example.org,+1-702-668-1978,2024-07-30T22:08:32,66223 Li Parkway,Robertsshire,DE,74346
64,Roger Jordan,sgrant@example.org,447.706.9227x82467,2024-01-07T13:55:29,5981 Riley Junctions Suite 935,Cassandraville,WV,87623
65,Jennifer Perez,nixonlisa@example.net,001-701-728-5687x87617,2025-06-12T19:16:10,679 Nathan Forks,Lestertown,WI,94412
66,Christopher Taylor,rodriguezrachel@example.net,+1-432-297-2374x698,2024-08-03T20:35:41,39128 Vincent Pines Apt. 025,Walkerville,SC,28184
67,Shannon Martin,woodjacqueline@example.org,001-300-789-1112x42799,2024-04-09T07:09:26,96528 Jon Path Suite 371,Johnsonhaven,WV,58956
68,Larry Kramer,robinsonjessica@example.net,001-660-222-1224x5724,2025-01-25T11:04:14,22156 Ritter Glens,Edwardston,FM,92368
69,Tyler Jordan,perryann@example.org,255.943.1774,2025-02-18T04:17:25,041 Hoover Motorway Suite 069,Ruizhaven,NC,43511
70,Stephanie Brooks,charlotte10@example.net,767.732.2421x4459,2023-12-21T06:57:02,937 Jones Isle Apt. 417,Washingtonberg,ID,28795
71,Lisa Smith,trangabrielle@example.com,547.554.8377,2025-01-22T15:21:50,22589 April Cove,South Michelleburgh,DC,38744
72,Kimberly Tran,daytina@example.net,(750)321-6266,2024-08-27T20:29:52,929 Martin Rapids,North Leslieside,VA,86296
73,Victoria Goodman,nyoung@example.org,001-820-879-6202,2025-02-01T18:12:56,924 Ryan Views,Floresbury,WA,97793
74,Claire Ballard,mario92@example.com,282.726.9171x24172,2023-11-16T18:45:48,858 Susan Oval Apt. 320,Jenniferstad,NH,18973
75,Tina Rangel,codyharris@example.com,9119943655,2025-01-24T07:21:09,819 Russell Greens,West Rachel,NV,86854
76,Ivan Hughes,melissabutler@example.com,748.808.1998,2024-09-02T20:48:03,0437 Julie Fort,Ryanport,FM,46666
77,Elizabeth Smith,harrisbarbara@example.net,(697)890-4075,2025-09-23T10:36:00,18118 Vickie Knolls Suite 704,Saunderston,AZ,95092
78,Chad Hall,rivasrobert@example.com,001-968-843-7600,2025-05-16T08:17:02,3046 Smith Vista Apt. 281,New Hannah,MI,52896
79,James Leonard,castillodenise@example.org,889.844.8459,2024-02-09T09:41:54,29501 Bridget Cliffs,Adammouth,NE,53588
80,Melissa Ramos,ujones@example.net,(259)321-1553,2025-02-06T10:15:12,49931 Roman Creek Suite 095,Robertland,MP,40106
81,Jessica Flores DDS,eortiz@example.org,001-619-932-5496,2024-01-13T16:36:28,82490 Dickerson Parks Suite 178,Johnsonberg,MT,11591
82,Brian Caldwell,lisa43@example.com,4208831489,2025-08-31T16:39:58,3791 Michael Mountains Suite 623,Emilyborough,AR,23251
83,Martin Delgado,angela86@example.com,2892960210,2024-05-04T05:51:05,39674 Samuel Port,Leestad,DE,58860
84,Katherine Boyd,gravesmatthew@example.com,(500)412-3078,2025-01-23T18:38:14,85362 Melissa Village,West Christinemouth,UT,19051
85,Dr. Morgan Yu,nicole97@example.com,001-732-476-9170x3309,2024-04-02T21:12:53,106 Garrison Squares,West Stephenfurt,VT,66002
86,April Coleman,duncankelly@example.org,+1-500-769-4212x8787,2024-04-14T13:06:34,1171 Rios Route Apt. 299,Rhondamouth,GU,34099
87,Erin Pierce,vbrewer@example.com,(725)626-3164x670,2024-03-20T11:44:04,45931 Johnson Green Apt. 902,Manuelside,AK,93446
88,Jasmine Wilson,susan96@example.net,917-307-8313x450,2025-02-05T06:04:19,5842 Vasquez Locks Suite 924,East Sarah,MA,71489
89,Matthew Sanders,michaelpowers@example.com,001-260-879-6407x730,2024-12-10T04:25:57,115 Christopher Stream Suite 463,Joannaville,CO,21982
90,Jennifer Gibson,brittney79@example.com,456.409.8189,2024-01-08T02:25:00,69486 Burns Villages Apt. 714,South Lauramouth,NV,30000
91,Bridget Blankenship,shafferdavid@example.org,(392)212-2252,2025-08-17T18:43:46,9491 Karen Lane Suite 364,New Joseph,NJ,74700
92,William Walker,anne52@example.com,398.535.7923,2024-11-11T02:12:29,990 Daniel Dam Apt. 178,Port Michael,GA,59735
93,Samantha Howard,debramoore@example.com,598.210.7796,2024-02-25T12:08:42,126 Fox Turnpike,East Molly,WA,07244
94,Sarah Clark,ocain@example.com,576.237.5594x2295,2025-03-14T23:21:49,461 Jacob Springs,Lake Joseph,AK,48397
95,Evelyn Key DVM,heather93@example.org,(874)401-2348,2024-10-24T16:07:01,6319 Miller Terrace Apt. 422,East Melissa,MH,82302
96,Mr. Jon Graham,amandaedwards@example.com,001-796-344-3404,2025-01-27T06:29:13,964 Tracy Rapid,Tammyland,OK,14955
97,Brian Long,angela87@example.org,9485883716,2025-08-28T14:39:43,43008 Hampton Underpass,Catherineville,NJ,79109
98,Dwayne Wiggins,cmcgrath@example.com,790.803.8261x0558,2024-03-26T07:16:02,9405 Murray Crest,East Patriciamouth,DC,65659
99,Teresa Howell,jcollins@example.com,246-426-0654x99009,2024-01-12T02:38:13,73233 Chapman Isle,Josehaven,OK,01991
100,Kristina Black,gaguirre@example.com,585.872.0570x908,2025-01-15T05:42:07,29818 King Common,East Richardshire,FL,25742
